{"count":1,"self":696.3000832,"total":3562.4860424999997,"children":{"InitializeActuators":{"count":4,"self":0.0029896,"total":0.0029896,"children":null},"InitializeSensors":{"count":4,"self":0.0019942,"total":0.0019942,"children":null},"AgentSendState":{"count":531384,"self":15.4662096,"total":434.37252589999997,"children":{"CollectObservations":{"count":425112,"self":2.7305028,"total":2.7305029,"children":null},"WriteActionMask":{"count":425112,"self":3.0203868,"total":3.0203868999999997,"children":null},"RequestDecision":{"count":425112,"self":10.7444072,"total":413.1554269,"children":{"AgentInfo.ToProto":{"count":425112,"self":7.1751448,"total":402.4110196,"children":{"GenerateSensorData":{"count":425112,"self":15.591804799999998,"total":395.2358751,"children":{"CameraSensor.GetCompressedObservation":{"count":425112,"self":379.6440576,"total":379.64407,"children":null}}}}}}}}},"DecideAction":{"count":531384,"self":2426.2576128,"total":2426.2576881,"children":null},"AgentAct":{"count":531384,"self":5.1113912,"total":5.1113909999999994,"children":null},"AgentInfo.ToProto":{"count":472,"self":0.0089737,"total":0.43735589999999996,"children":{"GenerateSensorData":{"count":472,"self":0.010965899999999999,"total":0.4283822,"children":{"CameraSensor.GetCompressedObservation":{"count":472,"self":0.41741629999999996,"total":0.41741629999999996,"children":null}}}}}},"gauges":{"Bomberman.CumulativeReward":{"count":472,"max":-56.3524933,"min":-138.3477,"runningAverage":-87.95443,"value":-111.34861,"weightedAverage":-90.00726}},"metadata":{"timer_format_version":"0.1.0","start_time_seconds":"1612733118","unity_version":"2019.4.15f1","command_line_arguments":"D:\\Coding\\Engines\\Unity\\2019.4.15f1\\Editor\\Unity.exe -projectpath D:\/Coding\/Repos\/Ultra-Bomberman\/Ultra Bomberman -useHub -hubIPC -cloudEnvironment production -hubSessionId cd7f6360-6975-11eb-9020-65dda8406342 -accessToken JSBO3GOCPMN6CiDrIzQA8xIX7-3qPwZL5uusMKLuRds008f","communication_protocol_version":"1.3.0","com.unity.ml-agents_version":"1.7.2-preview","scene_name":"Level1Scene","end_time_seconds":"1612736680"}}