{"count":1,"self":2223.9770624,"total":11758.253986599999,"children":{"InitializeActuators":{"count":4,"self":0.0019951,"total":0.0019951,"children":null},"InitializeSensors":{"count":4,"self":0.0019947,"total":0.0019947,"children":null},"AgentSendState":{"count":2693534,"self":55.6925696,"total":1739.0910695999999,"children":{"CollectObservations":{"count":1077416,"self":11.6918888,"total":11.6918888,"children":null},"WriteActionMask":{"count":1077416,"self":8.1627,"total":8.1626997,"children":null},"RequestDecision":{"count":1077416,"self":27.2743424,"total":1663.5439099999999,"children":{"AgentInfo.ToProto":{"count":1077416,"self":23.5239168,"total":1636.2695675999998,"children":{"GenerateSensorData":{"count":1077416,"self":568.0636928,"total":1612.7456508,"children":{"CameraSensor.GetCompressedObservation":{"count":1077416,"self":1044.6819328,"total":1044.6819366,"children":null}}}}}}}}},"DecideAction":{"count":2693534,"self":7768.6046719999995,"total":7768.6043862999995,"children":null},"AgentAct":{"count":2693534,"self":24.689287999999998,"total":24.689288599999998,"children":null},"AgentInfo.ToProto":{"count":1196,"self":0.024931099999999998,"total":1.8871523,"children":{"GenerateSensorData":{"count":1196,"self":0.7193919,"total":1.8622212,"children":{"CameraSensor.GetCompressedObservation":{"count":1196,"self":1.1428293,"total":1.1428293,"children":null}}}}}},"gauges":{"Bomberman.CumulativeReward":{"count":1196,"max":-13.350173,"min":-123.846558,"runningAverage":-69.20692,"value":-18.6011429,"weightedAverage":-47.34141}},"metadata":{"timer_format_version":"0.1.0","start_time_seconds":"1612556087","unity_version":"2019.4.15f1","command_line_arguments":"D:\\Coding\\Engines\\Unity\\2019.4.15f1\\Editor\\Unity.exe -projectpath D:\/Coding\/Repos\/Ultra-Bomberman\/Ultra Bomberman -useHub -hubIPC -cloudEnvironment production -hubSessionId 4e3c3740-67db-11eb-adda-5db762f12662 -accessToken oy-D9SNcSJR0oP7Ro2LtRmg3SbNN74vO1QEtgMAU__M008f","communication_protocol_version":"1.3.0","com.unity.ml-agents_version":"1.7.2-preview","scene_name":"Level1Scene","end_time_seconds":"1612567845"}}