{
    "name": "root",
    "gauges": {
        "Bomberman.Policy.Entropy.mean": {
            "value": 1.7533866167068481,
            "min": 1.7168200016021729,
            "max": 1.7626742124557495,
            "count": 11
        },
        "Bomberman.Environment.EpisodeLength.mean": {
            "value": 899.0,
            "min": 899.0,
            "max": 900.0,
            "count": 11
        },
        "Bomberman.Self-play.ELO.mean": {
            "value": 1237.4858088288513,
            "min": 1200.000479703903,
            "max": 1237.4858088288513,
            "count": 11
        },
        "Bomberman.Policy.ExtrinsicValueEstimate.mean": {
            "value": -5.94901704788208,
            "min": -6.090592861175537,
            "max": -5.181578159332275,
            "count": 11
        },
        "Bomberman.Environment.CumulativeReward.mean": {
            "value": -95.25789364901456,
            "min": -95.85105514526367,
            "max": -82.89425797895952,
            "count": 11
        },
        "Bomberman.Policy.ExtrinsicReward.mean": {
            "value": -95.25789364901456,
            "min": -95.85105514526367,
            "max": -82.89425797895952,
            "count": 11
        },
        "Bomberman.IsTraining.mean": {
            "value": 1.0,
            "min": 1.0,
            "max": 1.0,
            "count": 11
        },
        "Bomberman.Losses.PolicyLoss.mean": {
            "value": 0.014708600457136829,
            "min": 0.014708600457136829,
            "max": 0.02060622153803706,
            "count": 4
        },
        "Bomberman.Losses.ValueLoss.mean": {
            "value": 2.4025437752405803,
            "min": 2.1893988887468976,
            "max": 2.6437516768773395,
            "count": 4
        },
        "Bomberman.Policy.LearningRate.mean": {
            "value": 0.0003,
            "min": 0.0003,
            "max": 0.0003,
            "count": 4
        },
        "Bomberman.Policy.Epsilon.mean": {
            "value": 0.20000000000000007,
            "min": 0.20000000000000007,
            "max": 0.20000000000000007,
            "count": 4
        },
        "Bomberman.Policy.Beta.mean": {
            "value": 0.005000000000000001,
            "min": 0.005000000000000001,
            "max": 0.005000000000000001,
            "count": 4
        }
    },
    "metadata": {
        "timer_format_version": "0.1.0",
        "start_time_seconds": "1612733061",
        "python_version": "3.8.5 (tags/v3.8.5:580fbb0, Jul 20 2020, 15:57:54) [MSC v.1924 64 bit (AMD64)]",
        "command_line_arguments": "C:\\Users\\Emanu\\AppData\\Local\\Programs\\Python\\Python38\\Scripts\\mlagents-learn Assets/ML-Agents/Config.yaml --run-id=Bomberman --resume",
        "mlagents_version": "0.23.0",
        "mlagents_envs_version": "0.23.0",
        "communication_protocol_version": "1.3.0",
        "pytorch_version": "1.7.0+cu110",
        "numpy_version": "1.18.5",
        "end_time_seconds": "1612736681"
    },
    "total": 3619.5419999,
    "count": 1,
    "self": 0.004624199999852863,
    "children": {
        "run_training.setup": {
            "total": 0.028471000000000135,
            "count": 1,
            "self": 0.028471000000000135
        },
        "TrainerController.start_learning": {
            "total": 3619.5089047,
            "count": 1,
            "self": 2.4835252999705517,
            "children": {
                "TrainerController._reset_env": {
                    "total": 58.48955049999999,
                    "count": 2,
                    "self": 58.48955049999999
                },
                "TrainerController.advance": {
                    "total": 3558.1313469000297,
                    "count": 106394,
                    "self": 2.1210024999372763,
                    "children": {
                        "env_step": {
                            "total": 3339.3809833999962,
                            "count": 106394,
                            "self": 1979.820262700028,
                            "children": {
                                "SubprocessEnvManager._take_step": {
                                    "total": 1357.7746165000408,
                                    "count": 106394,
                                    "self": 22.501369400049953,
                                    "children": {
                                        "TorchPolicy.evaluate": {
                                            "total": 1335.2732470999908,
                                            "count": 425101,
                                            "self": 333.7079927999712,
                                            "children": {
                                                "TorchPolicy.sample_actions": {
                                                    "total": 1001.5652543000197,
                                                    "count": 425101,
                                                    "self": 1001.5652543000197
                                                }
                                            }
                                        }
                                    }
                                },
                                "workers": {
                                    "total": 1.786104199927486,
                                    "count": 106393,
                                    "self": 0.0,
                                    "children": {
                                        "worker_root": {
                                            "total": 3558.0116685000676,
                                            "count": 106393,
                                            "is_parallel": true,
                                            "self": 1750.9026224000738,
                                            "children": {
                                                "steps_from_proto": {
                                                    "total": 0.014400200000018515,
                                                    "count": 8,
                                                    "is_parallel": true,
                                                    "self": 0.0010490000000160649,
                                                    "children": {
                                                        "_process_visual_observation": {
                                                            "total": 0.012856699999993282,
                                                            "count": 16,
                                                            "is_parallel": true,
                                                            "self": 0.00018209999999641013,
                                                            "children": {
                                                                "observation_to_np_array": {
                                                                    "total": 0.012674599999996872,
                                                                    "count": 8,
                                                                    "is_parallel": true,
                                                                    "self": 0.00014990000000381087,
                                                                    "children": {
                                                                        "process_pixels": {
                                                                            "total": 0.01252469999999306,
                                                                            "count": 8,
                                                                            "is_parallel": true,
                                                                            "self": 0.0009306999999907362,