{
    "name": "root",
    "gauges": {
        "Bomberman.Policy.Entropy.mean": {
            "value": 1.861990213394165,
            "min": 1.8361438512802124,
            "max": 2.0408847332000732,
            "count": 38
        },
        "Bomberman.Environment.EpisodeLength.mean": {
            "value": 899.0,
            "min": 899.0,
            "max": 902.0,
            "count": 38
        },
        "Bomberman.Self-play.ELO.mean": {
            "value": 1112.2461874974697,
            "min": 1112.2461874974697,
            "max": 1200.0,
            "count": 38
        },
        "Bomberman.IsTraining.mean": {
            "value": 1.0,
            "min": 1.0,
            "max": 1.0,
            "count": 38
        },
        "Bomberman.Policy.ExtrinsicValueEstimate.mean": {
            "value": -6.624364852905273,
            "min": -6.80377197265625,
            "max": -3.59421443939209,
            "count": 37
        },
        "Bomberman.Environment.CumulativeReward.mean": {
            "value": -86.98606525767933,
            "min": -98.25789434259588,
            "max": -83.07697365500711,
            "count": 37
        },
        "Bomberman.Policy.ExtrinsicReward.mean": {
            "value": -86.98606525767933,
            "min": -98.25789434259588,
            "max": -83.07697365500711,
            "count": 37
        },
        "Bomberman.Losses.PolicyLoss.mean": {
            "value": 0.01619221844399969,
            "min": 0.012285221523294846,
            "max": 0.019609041170527537,
            "count": 17
        },
        "Bomberman.Losses.ValueLoss.mean": {
            "value": 1.8023694237073262,
            "min": 1.8023694237073262,
            "max": 3.949183622996012,
            "count": 17
        },
        "Bomberman.Policy.LearningRate.mean": {
            "value": 0.0003,
            "min": 0.0003,
            "max": 0.0003,
            "count": 17
        },
        "Bomberman.Policy.Epsilon.mean": {
            "value": 0.20000000000000007,
            "min": 0.20000000000000007,
            "max": 0.20000000000000007,
            "count": 17
        },
        "Bomberman.Policy.Beta.mean": {
            "value": 0.005000000000000001,
            "min": 0.005000000000000001,
            "max": 0.005000000000000001,
            "count": 17
        }
    },
    "metadata": {
        "timer_format_version": "0.1.0",
        "start_time_seconds": "1612724284",
        "python_version": "3.8.5 (tags/v3.8.5:580fbb0, Jul 20 2020, 15:57:54) [MSC v.1924 64 bit (AMD64)]",
        "command_line_arguments": "C:\\Users\\Emanu\\AppData\\Local\\Programs\\Python\\Python38\\Scripts\\mlagents-learn Assets/ML-Agents/Config.yaml --run-id=Bomberman --resume",
        "mlagents_version": "0.23.0",
        "mlagents_envs_version": "0.23.0",
        "communication_protocol_version": "1.3.0",
        "pytorch_version": "1.7.0+cu110",
        "numpy_version": "1.18.5",
        "end_time_seconds": "1612732425"
    },
    "total": 8140.723632800001,
    "count": 1,
    "self": 0.005112900000312948,
    "children": {
        "run_training.setup": {
            "total": 0.04927309999999996,
            "count": 1,
            "self": 0.04927309999999996
        },
        "TrainerController.start_learning": {
            "total": 8140.6692468,
            "count": 1,
            "self": 8.880186199840864,
            "children": {
                "TrainerController._reset_env": {
                    "total": 17.65769479999967,
                    "count": 3,
                    "self": 17.65769479999967
                },
                "TrainerController.advance": {
                    "total": 8113.69020230016,
                    "count": 378908,
                    "self": 7.774505300269993,
                    "children": {
                        "env_step": {
                            "total": 7355.551347400021,
                            "count": 378908,
                            "self": 4825.0446344002885,
                            "children": {
                                "SubprocessEnvManager._take_step": {
                                    "total": 2523.932203599795,
                                    "count": 378908,
                                    "self": 41.00536079924632,
                                    "children": {
                                        "TorchPolicy.evaluate": {
                                            "total": 2482.9268428005485,
                                            "count": 756978,
                                            "self": 651.2311712009059,
                                            "children": {
                                                "TorchPolicy.sample_actions": {
                                                    "total": 1831.6956715996425,
                                                    "count": 756978,
                                                    "self": 1831.6956715996425
                                                }
                                            }
                                        }
                                    }
                                },
                                "workers": {
                                    "total": 6.574509399937568,
                                    "count": 378907,
                                    "self": 0.0,
                                    "children": {
                                        "worker_root": {
                                            "total": 8115.60381260005,
                                            "count": 378907,
                                            "is_parallel": true,
                                            "self": 3754.116293100242,
                                            "children": {
                                                "steps_from_proto": {
                                                    "total": 0.020215800000521256,
                                                    "count": 6,
                                                    "is_parallel": true,
                                                    "self": 0.000852899999749468,
                                                    "children": {
                                                        "_process_visual_observation": {
                                                            "total": 0.01890790000018505,
                                                            "count": 12,
                                                            "is_parallel": true,
                                                            "self": 0.0001424000008558579,
                                                            "children": {
                                                                "observation_to_np_array": {
                                                                    "total": 0.018765499999329194,
                                                                    "count": 6,
                                                                    "is_parallel": true,
                                                                    "self": 0.0001147999981263581,
                                                                    "children": {
                                                                        "process_pixels": {
                                                                            "total": 0.018650700001202836,
                                                                            "count": 6,
                                                                            "is_parallel": true,
                                                                            "self": 0.0007036000004418952,