{
    "name": "root",
    "gauges": {
        "Bomberman.Policy.Entropy.mean": {
            "value": 1.2469775676727295,
            "min": 1.2376537322998047,
            "max": 1.791385293006897,
            "count": 105
        },
        "Bomberman.Environment.EpisodeLength.mean": {
            "value": 899.0,
            "min": 899.0,
            "max": 899.4285714285714,
            "count": 105
        },
        "Bomberman.Self-play.ELO.mean": {
            "value": 1475.6972695573436,
            "min": 1199.7188003193332,
            "max": 1475.6972695573436,
            "count": 105
        },
        "Bomberman.Policy.ExtrinsicValueEstimate.mean": {
            "value": -0.6479309797286987,
            "min": -6.875271320343018,
            "max": -0.6246306300163269,
            "count": 105
        },
        "Bomberman.Environment.CumulativeReward.mean": {
            "value": -2.2587908072905107,
            "min": -86.68288548787434,
            "max": -1.986063228412108,
            "count": 105
        },
        "Bomberman.Policy.ExtrinsicReward.mean": {
            "value": -2.2587908072905107,
            "min": -86.68288548787434,
            "max": -1.986063228412108,
            "count": 105
        },
        "Bomberman.IsTraining.mean": {
            "value": 1.0,
            "min": 1.0,
            "max": 1.0,
            "count": 105
        },
        "Bomberman.Losses.PolicyLoss.mean": {
            "value": 0.015725427617629368,
            "min": 0.012968785036355257,
            "max": 0.025233929441310466,
            "count": 50
        },
        "Bomberman.Losses.ValueLoss.mean": {
            "value": 0.10971579104661941,
            "min": 0.10971579104661941,
            "max": 2.8580604632695517,
            "count": 50
        },
        "Bomberman.Policy.LearningRate.mean": {
            "value": 0.0003,
            "min": 0.0003,
            "max": 0.0003,
            "count": 50
        },
        "Bomberman.Policy.Epsilon.mean": {
            "value": 0.20000000000000007,
            "min": 0.20000000000000007,
            "max": 0.20000000000000007,
            "count": 50
        },
        "Bomberman.Policy.Beta.mean": {
            "value": 0.005000000000000001,
            "min": 0.005000000000000001,
            "max": 0.005000000000000001,
            "count": 50
        }
    },
    "metadata": {
        "timer_format_version": "0.1.0",
        "start_time_seconds": "1612739654",
        "python_version": "3.8.5 (tags/v3.8.5:580fbb0, Jul 20 2020, 15:57:54) [MSC v.1924 64 bit (AMD64)]",
        "command_line_arguments": "C:\\Users\\Emanu\\AppData\\Local\\Programs\\Python\\Python38\\Scripts\\mlagents-learn Assets/ML-Agents/Config.yaml --run-id=Bomberman --resume",
        "mlagents_version": "0.23.0",
        "mlagents_envs_version": "0.23.0",
        "communication_protocol_version": "1.3.0",
        "pytorch_version": "1.7.0+cu110",
        "numpy_version": "1.19.0",
        "end_time_seconds": "1612780902"
    },
    "total": 41247.306646000005,
    "count": 1,
    "self": 0.009174500009976327,
    "children": {
        "run_training.setup": {
            "total": 0.010047999999999835,
            "count": 1,
            "self": 0.010047999999999835
        },
        "TrainerController.start_learning": {
            "total": 41247.2874235,
            "count": 1,
            "self": 26.17637690072297,
            "children": {
                "TrainerController._reset_env": {
                    "total": 36.14656950000241,
                    "count": 7,
                    "self": 36.14656950000241
                },
                "TrainerController.advance": {
                    "total": 41184.496408599276,
                    "count": 1048179,
                    "self": 22.965311201667646,
                    "children": {
                        "env_step": {
                            "total": 38586.286622797306,
                            "count": 1048179,
                            "self": 22298.599770393805,
                            "children": {
                                "SubprocessEnvManager._take_step": {
                                    "total": 16265.840478901553,
                                    "count": 1048179,
                                    "self": 205.99924099896816,
                                    "children": {
                                        "TorchPolicy.evaluate": {
                                            "total": 16059.841237902585,
                                            "count": 4188084,
                                            "self": 3392.538236707145,
                                            "children": {
                                                "TorchPolicy.sample_actions": {
                                                    "total": 12667.30300119544,
                                                    "count": 4188084,
                                                    "self": 12667.30300119544
                                                }
                                            }
                                        }
                                    }
                                },
                                "workers": {
                                    "total": 21.846373501947397,
                                    "count": 1048178,
                                    "self": 0.0,
                                    "children": {
                                        "worker_root": {
                                            "total": 41171.595841300215,
                                            "count": 1048178,
                                            "is_parallel": true,
                                            "self": 20870.72770990162,
                                            "children": {
                                                "steps_from_proto": {
                                                    "total": 0.04105300000793477,
                                                    "count": 28,
                                                    "is_parallel": true,
                                                    "self": 0.0043152000047044226,
                                                    "children": {
                                                        "_process_visual_observation": {
                                                            "total": 0.03383599999551734,
                                                            "count": 56,
                                                            "is_parallel": true,
                                                            "self": 0.0008261999878200754,
                                                            "children": {
                                                                "observation_to_np_array": {
                                                                    "total": 0.033009800007697265,
                                                                    "count": 28,
                                                                    "is_parallel": true,
                                                                    "self": 0.0005304000022832156,
                                                                    "children": {
                                                                        "process_pixels": {
                                                                            "total": 0.03247940000541405,
                                                                            "count": 28,
                                                                            "is_parallel": true,
                                                                            "self": 0.004271600007371035,