{
    "name": "root",
    "gauges": {
        "Bomberman.Policy.Entropy.mean": {
            "value": 1.7845896482467651,
            "min": 1.7845896482467651,
            "max": 1.785325050354004,
            "count": 2
        },
        "Bomberman.Environment.EpisodeLength.mean": {
            "value": 899.0,
            "min": 899.0,
            "max": 899.3333333333334,
            "count": 2
        },
        "Bomberman.Self-play.ELO.mean": {
            "value": 1194.0819666792593,
            "min": 1194.0819666792593,
            "max": 1198.338919257991,
            "count": 2
        },
        "Bomberman.Policy.ExtrinsicValueEstimate.mean": {
            "value": -1.9956328868865967,
            "min": -2.000725507736206,
            "max": -1.9956328868865967,
            "count": 2
        },
        "Bomberman.Environment.CumulativeReward.mean": {
            "value": -40.166987679221414,
            "min": -40.166987679221414,
            "max": -38.22436571121216,
            "count": 2
        },
        "Bomberman.Policy.ExtrinsicReward.mean": {
            "value": -40.166987679221414,
            "min": -40.166987679221414,
            "max": -38.22436571121216,
            "count": 2
        },
        "Bomberman.IsTraining.mean": {
            "value": 1.0,
            "min": 1.0,
            "max": 1.0,
            "count": 2
        }
    },
    "metadata": {
        "timer_format_version": "0.1.0",
        "start_time_seconds": "1612711485",
        "python_version": "3.8.5 (tags/v3.8.5:580fbb0, Jul 20 2020, 15:57:54) [MSC v.1924 64 bit (AMD64)]",
        "command_line_arguments": "C:\\Users\\Emanu\\AppData\\Local\\Programs\\Python\\Python38\\Scripts\\mlagents-learn Assets/ML-Agents/Config.yaml --run-id=Bomberman --resume",
        "mlagents_version": "0.23.0",
        "mlagents_envs_version": "0.23.0",
        "communication_protocol_version": "1.3.0",
        "pytorch_version": "1.7.0+cu110",
        "numpy_version": "1.19.0",
        "end_time_seconds": "1612712168"
    },
    "total": 682.9104911,
    "count": 1,
    "self": 0.007090299999958916,
    "children": {
        "run_training.setup": {
            "total": 0.005380700000000016,
            "count": 1,
            "self": 0.005380700000000016
        },
        "TrainerController.start_learning": {
            "total": 682.8980200999999,
            "count": 1,
            "self": 0.6400097999920717,
            "children": {
                "TrainerController._reset_env": {
                    "total": 8.2371436,
                    "count": 2,
                    "self": 8.2371436
                },
                "TrainerController.advance": {
                    "total": 673.5791677000079,
                    "count": 26249,
                    "self": 0.5995476000007329,
                    "children": {
                        "env_step": {
                            "total": 611.7623546000042,
                            "count": 26249,
                            "self": 400.46129099999933,
                            "children": {
                                "SubprocessEnvManager._take_step": {
                                    "total": 210.77388200000095,
                                    "count": 26249,
                                    "self": 2.757986299998038,
                                    "children": {
                                        "TorchPolicy.evaluate": {
                                            "total": 208.01589570000291,
                                            "count": 52440,
                                            "self": 45.29254950000481,
                                            "children": {
                                                "TorchPolicy.sample_actions": {
                                                    "total": 162.7233461999981,
                                                    "count": 52440,
                                                    "self": 162.7233461999981
                                                }
                                            }
                                        }
                                    }
                                },
                                "workers": {
                                    "total": 0.527181600003896,
                                    "count": 26249,
                                    "self": 0.0,
                                    "children": {
                                        "worker_root": {
                                            "total": 674.6500496999984,
                                            "count": 26249,
                                            "is_parallel": true,
                                            "self": 309.7369071999932,
                                            "children": {
                                                "steps_from_proto": {
                                                    "total": 0.010753499999998084,
                                                    "count": 4,
                                                    "is_parallel": true,
                                                    "self": 0.0006822999999958057,
                                                    "children": {
                                                        "_process_visual_observation": {
                                                            "total": 0.00972920000000066,
                                                            "count": 8,
                                                            "is_parallel": true,
                                                            "self": 0.00012400000000045708,
                                                            "children": {
                                                                "observation_to_np_array": {
                                                                    "total": 0.009605200000000202,
                                                                    "count": 4,
                                                                    "is_parallel": true,
                                                                    "self": 9.159999999930335e-05,
                                                                    "children": {
                                                                        "process_pixels": {
                                                                            "total": 0.009513600000000899,
                                                                            "count": 4,
                                                                            "is_parallel": true,
                                                                            "self": 0.0005564000000015668,
                                                                            "children": {
                                                                                "image_decompress": {
                                                                                    "total": 0.008957199999999332,
                                                                                    "count": 4,
                                                                                    "is_parallel": true,
                                                                                    "self": 0.008957199999999332
                                                                                }
                                                                            }
                                                                        }
                                                                    }
                                                                }
                                                            }
                                                        },