{
    "name": "root",
    "gauges": {
        "Bomberman.Policy.Entropy.mean": {
            "value": 2.1466498374938965,
            "min": 2.1466498374938965,
            "max": 2.298717975616455,
            "count": 21
        },
        "Bomberman.Environment.EpisodeLength.mean": {
            "value": 899.0,
            "min": 899.0,
            "max": 899.3333333333334,
            "count": 21
        },
        "Bomberman.Self-play.ELO.mean": {
            "value": 1248.0794969843546,
            "min": 1196.4179276459377,
            "max": 1248.0794969843546,
            "count": 21
        },
        "Bomberman.Policy.ExtrinsicValueEstimate.mean": {
            "value": -2.0418550968170166,
            "min": -2.0418550968170166,
            "max": -0.4709109365940094,
            "count": 21
        },
        "Bomberman.Environment.CumulativeReward.mean": {
            "value": -33.34964249350808,
            "min": -56.25818460637873,
            "max": -21.71273508938876,
            "count": 21
        },
        "Bomberman.Policy.ExtrinsicReward.mean": {
            "value": -33.34964249350808,
            "min": -56.25818460637873,
            "max": -21.71273508938876,
            "count": 21
        },
        "Bomberman.IsTraining.mean": {
            "value": 1.0,
            "min": 1.0,
            "max": 1.0,
            "count": 21
        },
        "Bomberman.Losses.PolicyLoss.mean": {
            "value": 0.01794598118091623,
            "min": 0.015693158408006034,
            "max": 0.02077160986761252,
            "count": 10
        },
        "Bomberman.Losses.ValueLoss.mean": {
            "value": 0.25907434076070784,
            "min": 0.22968369821707407,
            "max": 1.0659115254878997,
            "count": 10
        },
        "Bomberman.Policy.LearningRate.mean": {
            "value": 0.0003,
            "min": 0.0003,
            "max": 0.0003,
            "count": 10
        },
        "Bomberman.Policy.Epsilon.mean": {
            "value": 0.20000000000000007,
            "min": 0.20000000000000007,
            "max": 0.20000000000000007,
            "count": 10
        },
        "Bomberman.Policy.Beta.mean": {
            "value": 0.005000000000000001,
            "min": 0.005000000000000001,
            "max": 0.005000000000000001,
            "count": 10
        }
    },
    "metadata": {
        "timer_format_version": "0.1.0",
        "start_time_seconds": "1612547964",
        "python_version": "3.8.5 (tags/v3.8.5:580fbb0, Jul 20 2020, 15:57:54) [MSC v.1924 64 bit (AMD64)]",
        "command_line_arguments": "C:\\Users\\Emanu\\AppData\\Local\\Programs\\Python\\Python38\\Scripts\\mlagents-learn Assets/ML-Agents/Config.yaml --run-id=Bomberman1 --force",
        "mlagents_version": "0.23.0",
        "mlagents_envs_version": "0.23.0",
        "communication_protocol_version": "1.3.0",
        "pytorch_version": "1.7.0+cu110",
        "numpy_version": "1.18.5",
        "end_time_seconds": "1612555064"
    },
    "total": 7100.8813036,
    "count": 1,
    "self": 0.005052800000157731,
    "children": {
        "run_training.setup": {
            "total": 0.03348079999999953,
            "count": 1,
            "self": 0.03348079999999953
        },
        "TrainerController.start_learning": {
            "total": 7100.84277,
            "count": 1,
            "self": 5.964003300086006,
            "children": {
                "TrainerController._reset_env": {
                    "total": 12.015007699999611,
                    "count": 2,
                    "self": 12.015007699999611
                },
                "TrainerController.advance": {
                    "total": 7082.863758999914,
                    "count": 219788,
                    "self": 3.835810299909099,
                    "children": {
                        "env_step": {
                            "total": 6663.354343499844,
                            "count": 219788,
                            "self": 3895.180489299851,
                            "children": {
                                "SubprocessEnvManager._take_step": {
                                    "total": 2764.429149399813,
                                    "count": 219788,
                                    "self": 47.175491200286615,
                                    "children": {
                                        "TorchPolicy.evaluate": {
                                            "total": 2717.2536581995264,
                                            "count": 878183,
                                            "self": 687.6686958997702,
                                            "children": {
                                                "TorchPolicy.sample_actions": {
                                                    "total": 2029.5849622997562,
                                                    "count": 878184,
                                                    "self": 2029.5849622997562
                                                }
                                            }
                                        }
                                    }
                                },
                                "workers": {
                                    "total": 3.744704800179605,
                                    "count": 219787,
                                    "self": 0.0,
                                    "children": {
                                        "worker_root": {
                                            "total": 7082.494699999902,
                                            "count": 219787,
                                            "is_parallel": true,
                                            "self": 3546.676570300211,
                                            "children": {
                                                "steps_from_proto": {
                                                    "total": 0.028285200000429,
                                                    "count": 8,
                                                    "is_parallel": true,
                                                    "self": 0.0011376999986403291,
                                                    "children": {
                                                        "_process_visual_observation": {
                                                            "total": 0.026315500002079162,
                                                            "count": 16,
                                                            "is_parallel": true,
                                                            "self": 0.00021570000252424393,
                                                            "children": {
                                                                "observation_to_np_array": {
                                                                    "total": 0.026099799999554918,
                                                                    "count": 8,
                                                                    "is_parallel": true,
                                                                    "self": 0.00017569999964806016,
                                                                    "children": {
                                                                        "process_pixels": {
                                                                            "total": 0.025924099999906858,
                                                                            "count": 8,
                                                                            "is_parallel": true,
                                                                            "self": 0.0009600000006741993,