{
    "name": "root",
    "metadata": {
        "timer_format_version": "0.1.0",
        "start_time_seconds": "1612527696",
        "python_version": "3.8.5 (tags/v3.8.5:580fbb0, Jul 20 2020, 15:57:54) [MSC v.1924 64 bit (AMD64)]",
        "command_line_arguments": "C:\\Users\\Emanu\\AppData\\Local\\Programs\\Python\\Python38\\Scripts\\mlagents-learn Assets/ML-Agents/Config.yaml --run-id=Bomberman1 --force",
        "mlagents_version": "0.23.0",
        "mlagents_envs_version": "0.23.0",
        "communication_protocol_version": "1.3.0",
        "pytorch_version": "1.7.0+cu110",
        "numpy_version": "1.19.0",
        "end_time_seconds": "1612527735"
    },
    "total": 38.5203601,
    "count": 1,
    "self": 0.0061466999999950644,
    "children": {
        "run_training.setup": {
            "total": 0.005512999999999879,
            "count": 1,
            "self": 0.005512999999999879
        },
        "TrainerController.start_learning": {
            "total": 38.5087004,
            "count": 1,
            "self": 0.0676238000000211,
            "children": {
                "TrainerController._reset_env": {
                    "total": 11.4938307,
                    "count": 1,
                    "self": 11.4938307
                },
                "TrainerController.advance": {
                    "total": 26.71189349999998,
                    "count": 809,
                    "self": 0.010088900000003065,
                    "children": {
                        "env_step": {
                            "total": 26.701804599999978,
                            "count": 809,
                            "self": 14.160940700000097,
                            "children": {
                                "SubprocessEnvManager._take_step": {
                                    "total": 12.525142599999839,
                                    "count": 809,
                                    "self": 0.1702560000000375,
                                    "children": {
                                        "TorchPolicy.evaluate": {
                                            "total": 12.354886599999801,
                                            "count": 3233,
                                            "self": 2.8875704999997893,
                                            "children": {
                                                "TorchPolicy.sample_actions": {
                                                    "total": 9.467316100000012,
                                                    "count": 3233,
                                                    "self": 9.467316100000012
                                                }
                                            }
                                        }
                                    }
                                },
                                "workers": {
                                    "total": 0.015721300000041794,
                                    "count": 808,
                                    "self": 0.0,
                                    "children": {
                                        "worker_root": {
                                            "total": 30.50827569999991,
                                            "count": 808,
                                            "is_parallel": true,
                                            "self": 17.875009399999907,
                                            "children": {
                                                "steps_from_proto": {
                                                    "total": 0.02765240000000091,
                                                    "count": 4,
                                                    "is_parallel": true,
                                                    "self": 0.0006410000000007798,
                                                    "children": {
                                                        "_process_visual_observation": {
                                                            "total": 0.025811599999999935,
                                                            "count": 8,
                                                            "is_parallel": true,
                                                            "self": 0.00015029999999871535,
                                                            "children": {
                                                                "observation_to_np_array": {
                                                                    "total": 0.02566130000000122,
                                                                    "count": 4,
                                                                    "is_parallel": true,
                                                                    "self": 8.910000000206253e-05,
                                                                    "children": {
                                                                        "process_pixels": {
                                                                            "total": 0.025572199999999157,
                                                                            "count": 4,
                                                                            "is_parallel": true,
                                                                            "self": 0.0018020999999981413,
                                                                            "children": {
                                                                                "image_decompress": {
                                                                                    "total": 0.023770100000001015,
                                                                                    "count": 4,
                                                                                    "is_parallel": true,
                                                                                    "self": 0.023770100000001015
                                                                                }
                                                                            }
                                                                        }
                                                                    }
                                                                }
                                                            }
                                                        },
                                                        "_process_vector_observation": {
                                                            "total": 0.0011998000000001952,
                                                            "count": 8,
                                                            "is_parallel": true,
                                                            "self": 0.0011998000000001952
                                                        }
                                                    }
                                                },
                                                "UnityEnvironment.step": {
                                                    "total": 12.605613900000002,
                                                    "count": 808,
                                                    "is_parallel": true,
                                                    "self": 0.10086379999998485,
                                                    "children": {
                                                        "UnityEnvironment._generate_step_input": {
                                                            "total": 0.3228698000000154,
                                                            "count": 808,
                                                            "is_parallel": true,