{
    "name": "root",
    "metadata": {
        "timer_format_version": "0.1.0",
        "start_time_seconds": "1612464159",
        "python_version": "3.8.5 (tags/v3.8.5:580fbb0, Jul 20 2020, 15:57:54) [MSC v.1924 64 bit (AMD64)]",
        "command_line_arguments": "C:\\Users\\Emanu\\AppData\\Local\\Programs\\Python\\Python38\\Scripts\\mlagents-learn Assets/ML-Agents/Config.yaml --run-id=Bomberman1 --force",
        "mlagents_version": "0.23.0",
        "mlagents_envs_version": "0.23.0",
        "communication_protocol_version": "1.3.0",
        "pytorch_version": "1.7.0+cu110",
        "numpy_version": "1.19.0",
        "end_time_seconds": "1612464197"
    },
    "total": 37.7952845,
    "count": 1,
    "self": 0.007051599999996938,
    "children": {
        "run_training.setup": {
            "total": 0.005139700000000191,
            "count": 1,
            "self": 0.005139700000000191
        },
        "TrainerController.start_learning": {
            "total": 37.7830932,
            "count": 1,
            "self": 0.0436176000000259,
            "children": {
                "TrainerController._reset_env": {
                    "total": 11.7627497,
                    "count": 1,
                    "self": 11.7627497
                },
                "TrainerController.advance": {
                    "total": 25.78020029999998,
                    "count": 1366,
                    "self": 0.017319399999863094,
                    "children": {
                        "env_step": {
                            "total": 25.762880900000116,
                            "count": 1366,
                            "self": 20.456365800000132,
                            "children": {
                                "SubprocessEnvManager._take_step": {
                                    "total": 5.280749299999947,
                                    "count": 1366,
                                    "self": 0.08179490000004819,
                                    "children": {
                                        "TorchPolicy.evaluate": {
                                            "total": 5.198954399999899,
                                            "count": 1366,
                                            "self": 1.4387017999998708,
                                            "children": {
                                                "TorchPolicy.sample_actions": {
                                                    "total": 3.760252600000028,
                                                    "count": 1366,
                                                    "self": 3.760252600000028
                                                }
                                            }
                                        }
                                    }
                                },
                                "workers": {
                                    "total": 0.025765800000037586,
                                    "count": 1365,
                                    "self": 0.0,
                                    "children": {
                                        "worker_root": {
                                            "total": 27.06034910000007,
                                            "count": 1365,
                                            "is_parallel": true,
                                            "self": 8.227580100000075,
                                            "children": {
                                                "steps_from_proto": {
                                                    "total": 0.009835100000000097,
                                                    "count": 1,
                                                    "is_parallel": true,
                                                    "self": 0.00023580000000400503,
                                                    "children": {
                                                        "_process_visual_observation": {
                                                            "total": 0.009437699999997662,
                                                            "count": 2,
                                                            "is_parallel": true,
                                                            "self": 0.0001156999999967212,
                                                            "children": {
                                                                "observation_to_np_array": {
                                                                    "total": 0.00932200000000094,
                                                                    "count": 4,
                                                                    "is_parallel": true,
                                                                    "self": 8.580000000257826e-05,
                                                                    "children": {
                                                                        "process_pixels": {
                                                                            "total": 0.009236199999998362,
                                                                            "count": 4,
                                                                            "is_parallel": true,
                                                                            "self": 0.00039309999999836975,
                                                                            "children": {
                                                                                "image_decompress": {
                                                                                    "total": 0.008843099999999993,
                                                                                    "count": 4,
                                                                                    "is_parallel": true,
                                                                                    "self": 0.008843099999999993
                                                                                }
                                                                            }
                                                                        }
                                                                    }
                                                                }
                                                            }
                                                        },
                                                        "_process_vector_observation": {
                                                            "total": 0.00016159999999842967,
                                                            "count": 2,
                                                            "is_parallel": true,
                                                            "self": 0.00016159999999842967
                                                        }
                                                    }
                                                },
                                                "UnityEnvironment.step": {
                                                    "total": 18.822933899999995,
                                                    "count": 1365,
                                                    "is_parallel": true,
                                                    "self": 0.10739080000013246,
                                                    "children": {
                                                        "UnityEnvironment._generate_step_input": {
                                                            "total": 0.4254182999998939,
                                                            "count": 1365,
                                                            "is_parallel": true,