{
    "name": "root",
    "metadata": {
        "timer_format_version": "0.1.0",
        "start_time_seconds": "1612462235",
        "python_version": "3.8.5 (tags/v3.8.5:580fbb0, Jul 20 2020, 15:57:54) [MSC v.1924 64 bit (AMD64)]",
        "command_line_arguments": "C:\\Users\\Emanu\\AppData\\Local\\Programs\\Python\\Python38\\Scripts\\mlagents-learn Assets/ML-Agents/Config.yaml --run-id=Bomberman1 --force",
        "mlagents_version": "0.23.0",
        "mlagents_envs_version": "0.23.0",
        "communication_protocol_version": "1.3.0",
        "pytorch_version": "1.7.0+cu110",
        "numpy_version": "1.19.0",
        "end_time_seconds": "1612462286"
    },
    "total": 50.380063799999995,
    "count": 1,
    "self": 0.005955200000002492,
    "children": {
        "run_training.setup": {
            "total": 0.005204999999999904,
            "count": 1,
            "self": 0.005204999999999904
        },
        "TrainerController.start_learning": {
            "total": 50.368903599999996,
            "count": 1,
            "self": 0.06437900000008057,
            "children": {
                "TrainerController._reset_env": {
                    "total": 10.2697967,
                    "count": 1,
                    "self": 10.2697967
                },
                "TrainerController.advance": {
                    "total": 39.89126479999991,
                    "count": 2260,
                    "self": 0.02847710000002479,
                    "children": {
                        "env_step": {
                            "total": 39.862787699999885,
                            "count": 2260,
                            "self": 31.52291860000004,
                            "children": {
                                "SubprocessEnvManager._take_step": {
                                    "total": 8.296741099999922,
                                    "count": 2260,
                                    "self": 0.13198889999979535,
                                    "children": {
                                        "TorchPolicy.evaluate": {
                                            "total": 8.164752200000127,
                                            "count": 2260,
                                            "self": 2.3911510000000575,
                                            "children": {
                                                "TorchPolicy.sample_actions": {
                                                    "total": 5.773601200000069,
                                                    "count": 2260,
                                                    "self": 5.773601200000069
                                                }
                                            }
                                        }
                                    }
                                },
                                "workers": {
                                    "total": 0.04312799999992123,
                                    "count": 2259,
                                    "self": 0.0,
                                    "children": {
                                        "worker_root": {
                                            "total": 41.19424879999994,
                                            "count": 2259,
                                            "is_parallel": true,
                                            "self": 12.365084999999965,
                                            "children": {
                                                "steps_from_proto": {
                                                    "total": 0.009739200000000281,
                                                    "count": 1,
                                                    "is_parallel": true,
                                                    "self": 0.00021940000000064686,
                                                    "children": {
                                                        "_process_visual_observation": {
                                                            "total": 0.009355700000000411,
                                                            "count": 2,
                                                            "is_parallel": true,
                                                            "self": 0.0001180000000040593,
                                                            "children": {
                                                                "observation_to_np_array": {
                                                                    "total": 0.009237699999996352,
                                                                    "count": 4,
                                                                    "is_parallel": true,
                                                                    "self": 8.399999999397778e-05,
                                                                    "children": {
                                                                        "process_pixels": {
                                                                            "total": 0.009153700000002374,
                                                                            "count": 4,
                                                                            "is_parallel": true,
                                                                            "self": 0.0004014000000029938,
                                                                            "children": {
                                                                                "image_decompress": {
                                                                                    "total": 0.00875229999999938,
                                                                                    "count": 4,
                                                                                    "is_parallel": true,
                                                                                    "self": 0.00875229999999938
                                                                                }
                                                                            }
                                                                        }
                                                                    }
                                                                }
                                                            }
                                                        },
                                                        "_process_vector_observation": {
                                                            "total": 0.0001640999999992232,
                                                            "count": 2,
                                                            "is_parallel": true,
                                                            "self": 0.0001640999999992232
                                                        }
                                                    }
                                                },
                                                "UnityEnvironment.step": {
                                                    "total": 28.819424599999977,
                                                    "count": 2259,
                                                    "is_parallel": true,
                                                    "self": 0.1768482000003786,
                                                    "children": {
                                                        "UnityEnvironment._generate_step_input": {
                                                            "total": 0.7198800999997665,
                                                            "count": 2259,
                                                            "is_parallel": true,