{"count":1,"self":450.5917952,"total":4442.1840146999994,"children":{"InitializeActuators":{"count":63,"self":0.0019947,"total":0.0019947,"children":null},"InitializeSensors":{"count":63,"self":0.0019947999999999997,"total":0.0019947999999999997,"children":null},"AgentInfo.ToProto":{"count":1773,"self":0.0139636,"total":1.3115698999999998,"children":{"GenerateSensorData":{"count":1773,"self":0.0369045,"total":1.2976063,"children":{"CameraSensor.GetCompressedObservation":{"count":1773,"self":1.2607017999999999,"total":1.2607017999999999,"children":null}}}}},"AgentSendState":{"count":330784,"self":17.5021104,"total":1162.0377142999998,"children":{"CollectObservations":{"count":1583793,"self":4.4713639999999995,"total":4.4713638,"children":null},"WriteActionMask":{"count":1583793,"self":5.1234715999999993,"total":5.1234715,"children":null},"RequestDecision":{"count":1583793,"self":10.3356256,"total":1134.940768,"children":{"AgentInfo.ToProto":{"count":1583793,"self":11.209899199999999,"total":1124.6051423,"children":{"GenerateSensorData":{"count":1583793,"self":23.161425599999998,"total":1113.3952434999999,"children":{"CameraSensor.GetCompressedObservation":{"count":1583793,"self":1090.233856,"total":1090.233818,"children":null}}}}}}}}},"DecideAction":{"count":330784,"self":2825.7957888,"total":2825.7958716,"children":null},"AgentAct":{"count":330784,"self":2.4410993999999997,"total":2.4410993999999997,"children":null}},"gauges":{"Bomberman.CumulativeReward":{"count":1737,"max":11.4992981,"min":-55.4981422,"runningAverage":-9.762551,"value":-8.499944,"weightedAverage":-7.419899}},"metadata":{"timer_format_version":"0.1.0","start_time_seconds":"1613750103","unity_version":"2019.4.15f1","command_line_arguments":"D:\\Coding\\Repos\\Ultra-Bomberman\\Ultra Bomberman\\Assets\\ML-Agents\\..\/..\/..\/Builds\/ML-Train\/Ultra Bomberman.exe --mlagents-port 5005 -logFile D:\\Coding\\Repos\\Ultra-Bomberman\\Ultra Bomberman\\Assets\\ML-Agents\\results\\Bomberman\\run_logs\\Player-0.log","communication_protocol_version":"1.3.0","com.unity.ml-agents_version":"1.7.2-preview","scene_name":"Level1Scene","end_time_seconds":"1613754545"}}