{
    "name": "root",
    "gauges": {
        "Bomberman.Policy.Entropy.mean": {
            "value": 1.392305612564087,
            "min": 1.3445827960968018,
            "max": 1.4361740350723267,
            "count": 37
        },
        "Bomberman.Environment.EpisodeLength.mean": {
            "value": 899.0,
            "min": 899.0,
            "max": 899.6,
            "count": 37
        },
        "Bomberman.Self-play.ELO.mean": {
            "value": 1288.638904297995,
            "min": 1199.0384450824151,
            "max": 1288.638904297995,
            "count": 37
        },
        "Bomberman.Policy.ExtrinsicValueEstimate.mean": {
            "value": -0.17664502561092377,
            "min": -1.8830230236053467,
            "max": -0.17016439139842987,
            "count": 37
        },
        "Bomberman.Environment.CumulativeReward.mean": {
            "value": -1.4406090866435657,
            "min": -7.981391581622037,
            "max": -1.3496999740600586,
            "count": 37
        },
        "Bomberman.Policy.ExtrinsicReward.mean": {
            "value": -1.4406090866435657,
            "min": -7.981391581622037,
            "max": -1.3496999740600586,
            "count": 37
        },
        "Bomberman.IsTraining.mean": {
            "value": 1.0,
            "min": 1.0,
            "max": 1.0,
            "count": 37
        },
        "Bomberman.Losses.PolicyLoss.mean": {
            "value": 0.015722519299015403,
            "min": 0.01303325705230236,
            "max": 0.02126298116830488,
            "count": 17
        },
        "Bomberman.Losses.ValueLoss.mean": {
            "value": 0.003288140675673882,
            "min": 0.0005053082675052186,
            "max": 0.16451367884874343,
            "count": 17
        },
        "Bomberman.Policy.LearningRate.mean": {
            "value": 0.0003,
            "min": 0.0003,
            "max": 0.0003,
            "count": 17
        },
        "Bomberman.Policy.Epsilon.mean": {
            "value": 0.20000000000000007,
            "min": 0.20000000000000007,
            "max": 0.20000000000000007,
            "count": 17
        },
        "Bomberman.Policy.Beta.mean": {
            "value": 0.005000000000000001,
            "min": 0.005000000000000001,
            "max": 0.005000000000000001,
            "count": 17
        }
    },
    "metadata": {
        "timer_format_version": "0.1.0",
        "start_time_seconds": "1612574754",
        "python_version": "3.8.5 (tags/v3.8.5:580fbb0, Jul 20 2020, 15:57:54) [MSC v.1924 64 bit (AMD64)]",
        "command_line_arguments": "C:\\Users\\Emanu\\AppData\\Local\\Programs\\Python\\Python38\\Scripts\\mlagents-learn Assets/ML-Agents/Config.yaml --run-id=Bomberman2 --resume",
        "mlagents_version": "0.23.0",
        "mlagents_envs_version": "0.23.0",
        "communication_protocol_version": "1.3.0",
        "pytorch_version": "1.7.0+cu110",
        "numpy_version": "1.18.5",
        "end_time_seconds": "1612586921"
    },
    "total": 12148.490977000001,
    "count": 1,
    "self": 0.01257130000158213,
    "children": {
        "run_training.setup": {
            "total": 0.013699600000000034,
            "count": 1,
            "self": 0.013699600000000034
        },
        "TrainerController.start_learning": {
            "total": 12148.4647061,
            "count": 1,
            "self": 8.990445500056012,
            "children": {
                "TrainerController._reset_env": {
                    "total": 12.06840019999948,
                    "count": 3,
                    "self": 12.06840019999948
                },
                "TrainerController.advance": {
                    "total": 12127.065459499943,
                    "count": 373016,
                    "self": 7.502671200525583,
                    "children": {
                        "env_step": {
                            "total": 11410.063641300274,
                            "count": 373016,
                            "self": 6709.201242999796,
                            "children": {
                                "SubprocessEnvManager._take_step": {
                                    "total": 4694.515743600176,
                                    "count": 373016,
                                    "self": 78.48576380040413,
                                    "children": {
                                        "TorchPolicy.evaluate": {
                                            "total": 4616.029979799772,
                                            "count": 1490416,
                                            "self": 1171.4020995997134,
                                            "children": {
                                                "TorchPolicy.sample_actions": {
                                                    "total": 3444.627880200059,
                                                    "count": 1490416,
                                                    "self": 3444.627880200059
                                                }
                                            }
                                        }
                                    }
                                },
                                "workers": {
                                    "total": 6.346654700301926,
                                    "count": 373016,
                                    "self": 0.0,
                                    "children": {
                                        "worker_root": {
                                            "total": 12123.943973899632,
                                            "count": 373016,
                                            "is_parallel": true,
                                            "self": 6019.521395299686,
                                            "children": {
                                                "steps_from_proto": {
                                                    "total": 0.01613539999988589,
                                                    "count": 12,
                                                    "is_parallel": true,
                                                    "self": 0.001520299998576391,
                                                    "children": {
                                                        "_process_visual_observation": {
                                                            "total": 0.01377270000024211,
                                                            "count": 24,
                                                            "is_parallel": true,
                                                            "self": 0.00026140000016283693,
                                                            "children": {
                                                                "observation_to_np_array": {
                                                                    "total": 0.013511300000079274,
                                                                    "count": 12,
                                                                    "is_parallel": true,
                                                                    "self": 0.00020489999949724336,
                                                                    "children": {
                                                                        "process_pixels": {
                                                                            "total": 0.01330640000058203,
                                                                            "count": 12,
                                                                            "is_parallel": true,
                                                                            "self": 0.0011630000004654306,