{
    "name": "root",
    "gauges": {
        "Bomberman.Policy.Entropy.mean": {
            "value": 1.847711443901062,
            "min": 1.800342082977295,
            "max": 2.2999229431152344,
            "count": 53
        },
        "Bomberman.Environment.EpisodeLength.mean": {
            "value": 899.0,
            "min": 899.0,
            "max": 899.3333333333334,
            "count": 53
        },
        "Bomberman.Self-play.ELO.mean": {
            "value": 1074.8701013188129,
            "min": 1074.8701013188129,
            "max": 1197.6399368353614,
            "count": 53
        },
        "Bomberman.Policy.ExtrinsicValueEstimate.mean": {
            "value": -3.786527395248413,
            "min": -4.254109859466553,
            "max": -2.155646562576294,
            "count": 53
        },
        "Bomberman.Environment.CumulativeReward.mean": {
            "value": -27.822429656982422,
            "min": -104.24001728404652,
            "max": -27.822429656982422,
            "count": 53
        },
        "Bomberman.Policy.ExtrinsicReward.mean": {
            "value": -27.822429656982422,
            "min": -104.24001728404652,
            "max": -27.822429656982422,
            "count": 53
        },
        "Bomberman.IsTraining.mean": {
            "value": 1.0,
            "min": 1.0,
            "max": 1.0,
            "count": 53
        },
        "Bomberman.Losses.PolicyLoss.mean": {
            "value": 0.01830306788906455,
            "min": 0.01254027703932176,
            "max": 0.02023053130445381,
            "count": 25
        },
        "Bomberman.Losses.ValueLoss.mean": {
            "value": 0.5727318425973257,
            "min": 0.5727318425973257,
            "max": 4.086169242858887,
            "count": 25
        },
        "Bomberman.Policy.LearningRate.mean": {
            "value": 0.0003,
            "min": 0.0003,
            "max": 0.0003,
            "count": 25
        },
        "Bomberman.Policy.Epsilon.mean": {
            "value": 0.20000000000000007,
            "min": 0.20000000000000007,
            "max": 0.20000000000000007,
            "count": 25
        },
        "Bomberman.Policy.Beta.mean": {
            "value": 0.005000000000000001,
            "min": 0.005000000000000001,
            "max": 0.005000000000000001,
            "count": 25
        }
    },
    "metadata": {
        "timer_format_version": "0.1.0",
        "start_time_seconds": "1612556083",
        "python_version": "3.8.5 (tags/v3.8.5:580fbb0, Jul 20 2020, 15:57:54) [MSC v.1924 64 bit (AMD64)]",
        "command_line_arguments": "C:\\Users\\Emanu\\AppData\\Local\\Programs\\Python\\Python38\\Scripts\\mlagents-learn Assets/ML-Agents/Config.yaml --run-id=Bomberman2 --force",
        "mlagents_version": "0.23.0",
        "mlagents_envs_version": "0.23.0",
        "communication_protocol_version": "1.3.0",
        "pytorch_version": "1.7.0+cu110",
        "numpy_version": "1.18.5",
        "end_time_seconds": "1612567845"
    },
    "total": 11762.0868197,
    "count": 1,
    "self": 0.04412840000077267,
    "children": {
        "run_training.setup": {
            "total": 0.007000899999999977,
            "count": 1,
            "self": 0.007000899999999977
        },
        "TrainerController.start_learning": {
            "total": 11762.0356904,
            "count": 1,
            "self": 12.752735100390055,
            "children": {
                "TrainerController._reset_env": {
                    "total": 6.0165860000001565,
                    "count": 3,
                    "self": 6.0165860000001565
                },
                "TrainerController.advance": {
                    "total": 11742.90473569961,
                    "count": 539304,
                    "self": 10.426806399776979,
                    "children": {
                        "env_step": {
                            "total": 10715.054944600315,
                            "count": 539304,
                            "self": 7153.288665701099,
                            "children": {
                                "SubprocessEnvManager._take_step": {
                                    "total": 3552.7452209996673,
                                    "count": 539304,
                                    "self": 58.34145369949101,
                                    "children": {
                                        "TorchPolicy.evaluate": {
                                            "total": 3494.4037673001762,
                                            "count": 1077415,
                                            "self": 923.0916830000724,
                                            "children": {
                                                "TorchPolicy.sample_actions": {
                                                    "total": 2571.312084300104,
                                                    "count": 1077415,
                                                    "self": 2571.312084300104
                                                }
                                            }
                                        }
                                    }
                                },
                                "workers": {
                                    "total": 9.021057899549376,
                                    "count": 539303,
                                    "self": 0.0,
                                    "children": {
                                        "worker_root": {
                                            "total": 11740.950907499771,
                                            "count": 539303,
                                            "is_parallel": true,
                                            "self": 5234.031137900068,
                                            "children": {
                                                "steps_from_proto": {
                                                    "total": 0.015298700001076249,
                                                    "count": 6,
                                                    "is_parallel": true,
                                                    "self": 0.0008027000063410838,
                                                    "children": {
                                                        "_process_visual_observation": {
                                                            "total": 0.014027799999672297,
                                                            "count": 12,
                                                            "is_parallel": true,
                                                            "self": 0.00013740000066597702,
                                                            "children": {
                                                                "observation_to_np_array": {
                                                                    "total": 0.01389039999900632,
                                                                    "count": 6,
                                                                    "is_parallel": true,
                                                                    "self": 0.00011139999928921895,
                                                                    "children": {
                                                                        "process_pixels": {
                                                                            "total": 0.013778999999717101,
                                                                            "count": 6,
                                                                            "is_parallel": true,
                                                                            "self": 0.0006451999996386348,