{
    "name": "root",
    "metadata": {
        "timer_format_version": "0.1.0",
        "start_time_seconds": "1613658930",
        "python_version": "3.8.5 (tags/v3.8.5:580fbb0, Jul 20 2020, 15:57:54) [MSC v.1924 64 bit (AMD64)]",
        "command_line_arguments": "C:\\Users\\Emanu\\AppData\\Local\\Programs\\Python\\Python38\\Scripts\\mlagents-learn Config.yaml --env=../../../../Ultra-Bomberman-Builds/ML-Train/Ultra Bomberman.exe --run-id=Bomberman --width 120 --height 68 --resume",
        "mlagents_version": "0.23.0",
        "mlagents_envs_version": "0.23.0",
        "communication_protocol_version": "1.3.0",
        "pytorch_version": "1.7.0+cu110",
        "numpy_version": "1.18.5",
        "end_time_seconds": "1613659150"
    },
    "total": 219.48707530000001,
    "count": 1,
    "self": 2.087508200000002,
    "children": {
        "run_training.setup": {
            "total": 0.007093000000000016,
            "count": 1,
            "self": 0.007093000000000016
        },
        "TrainerController.start_learning": {
            "total": 217.39247410000002,
            "count": 1,
            "self": 0.08667710000065654,
            "children": {
                "TrainerController._reset_env": {
                    "total": 39.455521499999996,
                    "count": 2,
                    "self": 34.23108799999999,
                    "children": {
                        "demo_to_buffer": {
                            "total": 5.2244335000000035,
                            "count": 1,
                            "self": 0.008513300000004165,
                            "children": {
                                "load_demonstration": {
                                    "total": 0.5046847999999997,
                                    "count": 1,
                                    "self": 0.5022143999999997,
                                    "children": {
                                        "read_file": {
                                            "total": 0.0024703999999999837,
                                            "count": 1,
                                            "self": 0.0024703999999999837
                                        }
                                    }
                                },
                                "make_demo_buffer": {
                                    "total": 4.7112354,
                                    "count": 1,
                                    "self": 0.39698200000022865,
                                    "children": {
                                        "steps_from_proto": {
                                            "total": 4.314253399999771,
                                            "count": 7308,
                                            "self": 0.779761000000164,
                                            "children": {
                                                "_process_visual_observation": {
                                                    "total": 3.199165399999842,
                                                    "count": 14616,
                                                    "self": 0.13012630000007874,
                                                    "children": {
                                                        "observation_to_np_array": {
                                                            "total": 3.069039099999763,
                                                            "count": 7308,
                                                            "self": 0.113219400000375,
                                                            "children": {
                                                                "process_pixels": {
                                                                    "total": 2.955819699999388,
                                                                    "count": 7308,
                                                                    "self": 1.676115199999252,
                                                                    "children": {
                                                                        "image_decompress": {
                                                                            "total": 1.2797045000001361,
                                                                            "count": 7308,
                                                                            "self": 1.2797045000001361
                                                                        }
                                                                    }
                                                                }
                                                            }
                                                        }
                                                    }
                                                },
                                                "_process_vector_observation": {
                                                    "total": 0.335326999999765,
                                                    "count": 14616,
                                                    "self": 0.335326999999765
                                                }
                                            }
                                        }
                                    }
                                }
                            }
                        }
                    }
                },
                "TrainerController.advance": {
                    "total": 177.0737404999994,
                    "count": 3906,
                    "self": 0.07772649999910186,
                    "children": {
                        "env_step": {
                            "total": 171.85569670000052,
                            "count": 3906,
                            "self": 144.9602862999996,
                            "children": {
                                "SubprocessEnvManager._take_step": {
                                    "total": 26.82907280000007,
                                    "count": 3906,
                                    "self": 0.46873530000014796,
                                    "children": {
                                        "TorchPolicy.evaluate": {
                                            "total": 26.360337499999922,
                                            "count": 7812,
                                            "self": 7.046793200000579,
                                            "children": {
                                                "TorchPolicy.sample_actions": {
                                                    "total": 19.313544299999343,
                                                    "count": 7812,
                                                    "self": 19.313544299999343
                                                }
                                            }
                                        }
                                    }
                                },
                                "workers": {
                                    "total": 0.06633760000085687,
                                    "count": 3905,
                                    "self": 0.0,
                                    "children": {
                                        "worker_root": {
                                            "total": 185.7955066000007,
                                            "count": 3905,
                                            "is_parallel": true,
                                            "self": 48.68814019999968,
                                            "children": {
                                                "steps_from_proto": {
                                                    "total": 0.06254980000000288,
                                                    "count": 8,