{
    "name": "root",
    "metadata": {
        "timer_format_version": "0.1.0",
        "start_time_seconds": "1613637294",
        "python_version": "3.8.5 (tags/v3.8.5:580fbb0, Jul 20 2020, 15:57:54) [MSC v.1924 64 bit (AMD64)]",
        "command_line_arguments": "C:\\Users\\Emanu\\AppData\\Local\\Programs\\Python\\Python38\\Scripts\\mlagents-learn Config.yaml --env=../../../../Ultra-Bomberman-Builds/ML-Train/Ultra Bomberman.exe --run-id=Bomberman --width 1200 --height 680 --resume",
        "mlagents_version": "0.23.0",
        "mlagents_envs_version": "0.23.0",
        "communication_protocol_version": "1.3.0",
        "pytorch_version": "1.7.0+cu110",
        "numpy_version": "1.19.0",
        "end_time_seconds": "1613637363"
    },
    "total": 68.9024658,
    "count": 1,
    "self": 3.9056652999999955,
    "children": {
        "run_training.setup": {
            "total": 0.006606099999999948,
            "count": 1,
            "self": 0.006606099999999948
        },
        "TrainerController.start_learning": {
            "total": 64.99019440000001,
            "count": 1,
            "self": 0.025907800000126713,
            "children": {
                "TrainerController._reset_env": {
                    "total": 11.1839307,
                    "count": 2,
                    "self": 5.7593912,
                    "children": {
                        "demo_to_buffer": {
                            "total": 5.4245395,
                            "count": 1,
                            "self": 0.01045329999999911,
                            "children": {
                                "load_demonstration": {
                                    "total": 0.4599674,
                                    "count": 1,
                                    "self": 0.45717799999999986,
                                    "children": {
                                        "read_file": {
                                            "total": 0.002789400000000164,
                                            "count": 1,
                                            "self": 0.002789400000000164
                                        }
                                    }
                                },
                                "make_demo_buffer": {
                                    "total": 4.954118800000001,
                                    "count": 1,
                                    "self": 0.4605884000000069,
                                    "children": {
                                        "steps_from_proto": {
                                            "total": 4.493530399999994,
                                            "count": 7308,
                                            "self": 0.9226529999999675,
                                            "children": {
                                                "_process_visual_observation": {
                                                    "total": 3.176662100000023,
                                                    "count": 14616,
                                                    "self": 0.1595966000000688,
                                                    "children": {
                                                        "observation_to_np_array": {
                                                            "total": 3.017065499999954,
                                                            "count": 7308,
                                                            "self": 0.11967759999991046,
                                                            "children": {
                                                                "process_pixels": {
                                                                    "total": 2.8973879000000435,
                                                                    "count": 7308,
                                                                    "self": 1.5923349999999301,
                                                                    "children": {
                                                                        "image_decompress": {
                                                                            "total": 1.3050529000001134,
                                                                            "count": 7308,
                                                                            "self": 1.3050529000001134
                                                                        }
                                                                    }
                                                                }
                                                            }
                                                        }
                                                    }
                                                },
                                                "_process_vector_observation": {
                                                    "total": 0.3942153000000035,
                                                    "count": 14616,
                                                    "self": 0.3942153000000035
                                                }
                                            }
                                        }
                                    }
                                }
                            }
                        }
                    }
                },
                "TrainerController.advance": {
                    "total": 53.350593799999885,
                    "count": 962,
                    "self": 0.02127669999998716,
                    "children": {
                        "env_step": {
                            "total": 51.47224040000002,
                            "count": 962,
                            "self": 43.02694350000014,
                            "children": {
                                "SubprocessEnvManager._take_step": {
                                    "total": 8.425870500000018,
                                    "count": 962,
                                    "self": 0.11798170000005292,
                                    "children": {
                                        "TorchPolicy.evaluate": {
                                            "total": 8.307888799999965,
                                            "count": 1924,
                                            "self": 1.7719524999998217,
                                            "children": {
                                                "TorchPolicy.sample_actions": {
                                                    "total": 6.535936300000143,
                                                    "count": 1924,
                                                    "self": 6.535936300000143
                                                }
                                            }
                                        }
                                    }
                                },
                                "workers": {
                                    "total": 0.019426399999865396,
                                    "count": 961,
                                    "self": 0.0,
                                    "children": {
                                        "worker_root": {
                                            "total": 60.20482779999996,
                                            "count": 961,
                                            "is_parallel": true,
                                            "self": 19.499428599999966,
                                            "children": {
                                                "steps_from_proto": {
                                                    "total": 0.06172179999999905,
                                                    "count": 8,