{
    "name": "root",
    "metadata": {
        "timer_format_version": "0.1.0",
        "start_time_seconds": "1613730086",
        "python_version": "3.8.5 (tags/v3.8.5:580fbb0, Jul 20 2020, 15:57:54) [MSC v.1924 64 bit (AMD64)]",
        "command_line_arguments": "C:\\Users\\Emanu\\AppData\\Local\\Programs\\Python\\Python38\\Scripts\\mlagents-learn Config.yaml --env=../../../Builds/ML-Train/Ultra Bomberman.exe --run-id=Bomberman --width 120 --height 68 --resume",
        "mlagents_version": "0.23.0",
        "mlagents_envs_version": "0.23.0",
        "communication_protocol_version": "1.3.0",
        "pytorch_version": "1.7.0+cu110",
        "numpy_version": "1.19.0",
        "end_time_seconds": "1613730118"
    },
    "total": 31.607875900000003,
    "count": 1,
    "self": 4.2559404,
    "children": {
        "run_training.setup": {
            "total": 0.010372700000000457,
            "count": 1,
            "self": 0.010372700000000457
        },
        "TrainerController.start_learning": {
            "total": 27.341562800000002,
            "count": 1,
            "self": 0.004482499999991063,
            "children": {
                "TrainerController._reset_env": {
                    "total": 15.189089699999998,
                    "count": 2,
                    "self": 9.5670777,
                    "children": {
                        "demo_to_buffer": {
                            "total": 5.622011999999998,
                            "count": 1,
                            "self": 0.01092919999999964,
                            "children": {
                                "load_demonstration": {
                                    "total": 0.5356918999999998,
                                    "count": 1,
                                    "self": 0.4705276999999999,
                                    "children": {
                                        "read_file": {
                                            "total": 0.0651641999999999,
                                            "count": 1,
                                            "self": 0.0651641999999999
                                        }
                                    }
                                },
                                "make_demo_buffer": {
                                    "total": 5.075390899999999,
                                    "count": 1,
                                    "self": 0.4929740000000571,
                                    "children": {
                                        "steps_from_proto": {
                                            "total": 4.5824168999999415,
                                            "count": 7308,
                                            "self": 0.9472735000001258,
                                            "children": {
                                                "_process_visual_observation": {
                                                    "total": 3.2355483999999404,
                                                    "count": 14616,
                                                    "self": 0.1619789999998691,
                                                    "children": {
                                                        "observation_to_np_array": {
                                                            "total": 3.0735694000000713,
                                                            "count": 7308,
                                                            "self": 0.1250525000000664,
                                                            "children": {
                                                                "process_pixels": {
                                                                    "total": 2.948516900000005,
                                                                    "count": 7308,
                                                                    "self": 1.6176930000001324,
                                                                    "children": {
                                                                        "image_decompress": {
                                                                            "total": 1.3308238999998725,
                                                                            "count": 7308,
                                                                            "self": 1.3308238999998725
                                                                        }
                                                                    }
                                                                }
                                                            }
                                                        }
                                                    }
                                                },
                                                "_process_vector_observation": {
                                                    "total": 0.39959499999987536,
                                                    "count": 14616,
                                                    "self": 0.39959499999987536
                                                }
                                            }
                                        }
                                    }
                                }
                            }
                        }
                    }
                },
                "TrainerController.advance": {
                    "total": 11.447453900000014,
                    "count": 151,
                    "self": 0.0033824000000386434,
                    "children": {
                        "env_step": {
                            "total": 11.1500308,
                            "count": 151,
                            "self": 7.274709099999988,
                            "children": {
                                "SubprocessEnvManager._take_step": {
                                    "total": 3.872277000000018,
                                    "count": 151,
                                    "self": 0.02304700000000537,
                                    "children": {
                                        "TorchPolicy.evaluate": {
                                            "total": 3.849230000000013,
                                            "count": 302,
                                            "self": 0.3054670000000286,
                                            "children": {
                                                "TorchPolicy.sample_actions": {
                                                    "total": 3.5437629999999842,
                                                    "count": 302,
                                                    "self": 3.5437629999999842
                                                }
                                            }
                                        }
                                    }
                                },
                                "workers": {
                                    "total": 0.003044699999993128,
                                    "count": 150,
                                    "self": 0.0,
                                    "children": {
                                        "worker_root": {
                                            "total": 21.02354689999997,
                                            "count": 150,
                                            "is_parallel": true,
                                            "self": 14.08709969999994,
                                            "children": {
                                                "steps_from_proto": {
                                                    "total": 0.07889079999999637,
                                                    "count": 8,