{
    "name": "root",
    "metadata": {
        "timer_format_version": "0.1.0",
        "start_time_seconds": "1613315503",
        "python_version": "3.8.5 (tags/v3.8.5:580fbb0, Jul 20 2020, 15:57:54) [MSC v.1924 64 bit (AMD64)]",
        "command_line_arguments": "C:\\Users\\Emanu\\AppData\\Local\\Programs\\Python\\Python38\\Scripts\\mlagents-learn Config.yaml --env=../../../../Ultra-Bomberman-Builds/ML-Train/Ultra Bomberman.exe --run-id=Bomberman --width 120 --height 68 --force",
        "mlagents_version": "0.23.0",
        "mlagents_envs_version": "0.23.0",
        "communication_protocol_version": "1.3.0",
        "pytorch_version": "1.7.0+cu110",
        "numpy_version": "1.19.0",
        "end_time_seconds": "1613315524"
    },
    "total": 20.3221369,
    "count": 1,
    "self": 0.009799499999999739,
    "children": {
        "run_training.setup": {
            "total": 0.005719599999999936,
            "count": 1,
            "self": 0.005719599999999936
        },
        "TrainerController.start_learning": {
            "total": 20.3066178,
            "count": 1,
            "self": 0.0063914000000124815,
            "children": {
                "TrainerController._reset_env": {
                    "total": 11.2660962,
                    "count": 1,
                    "self": 5.7542708000000005,
                    "children": {
                        "demo_to_buffer": {
                            "total": 5.511825399999999,
                            "count": 1,
                            "self": 0.011815900000000212,
                            "children": {
                                "load_demonstration": {
                                    "total": 0.46813849999999935,
                                    "count": 1,
                                    "self": 0.4650526999999993,
                                    "children": {
                                        "read_file": {
                                            "total": 0.0030858000000000274,
                                            "count": 1,
                                            "self": 0.0030858000000000274
                                        }
                                    }
                                },
                                "make_demo_buffer": {
                                    "total": 5.031871,
                                    "count": 1,
                                    "self": 0.4753297999999946,
                                    "children": {
                                        "steps_from_proto": {
                                            "total": 4.556541200000005,
                                            "count": 7308,
                                            "self": 0.940789500000097,
                                            "children": {
                                                "_process_visual_observation": {
                                                    "total": 3.2199000999999603,
                                                    "count": 14616,
                                                    "self": 0.16276049999995035,
                                                    "children": {
                                                        "observation_to_np_array": {
                                                            "total": 3.05713960000001,
                                                            "count": 7308,
                                                            "self": 0.1238375000000218,
                                                            "children": {
                                                                "process_pixels": {
                                                                    "total": 2.933302099999988,
                                                                    "count": 7308,
                                                                    "self": 1.6054230000000036,
                                                                    "children": {
                                                                        "image_decompress": {
                                                                            "total": 1.3278790999999845,
                                                                            "count": 7308,
                                                                            "self": 1.3278790999999845
                                                                        }
                                                                    }
                                                                }
                                                            }
                                                        }
                                                    }
                                                },
                                                "_process_vector_observation": {
                                                    "total": 0.3958515999999479,
                                                    "count": 14616,
                                                    "self": 0.3958515999999479
                                                }
                                            }
                                        }
                                    }
                                }
                            }
                        }
                    }
                },
                "TrainerController.advance": {
                    "total": 8.70415259999999,
                    "count": 147,
                    "self": 0.003041999999998879,
                    "children": {
                        "env_step": {
                            "total": 8.43116829999998,
                            "count": 147,
                            "self": 6.532052500000004,
                            "children": {
                                "SubprocessEnvManager._take_step": {
                                    "total": 1.896214399999998,
                                    "count": 147,
                                    "self": 0.01907210000000603,
                                    "children": {
                                        "TorchPolicy.evaluate": {
                                            "total": 1.877142299999992,
                                            "count": 294,
                                            "self": 0.27586999999997985,
                                            "children": {
                                                "TorchPolicy.sample_actions": {
                                                    "total": 1.6012723000000122,
                                                    "count": 294,
                                                    "self": 1.6012723000000122
                                                }
                                            }
                                        }
                                    }
                                },
                                "workers": {
                                    "total": 0.0029013999999776274,
                                    "count": 146,
                                    "self": 0.0,
                                    "children": {
                                        "worker_root": {
                                            "total": 15.638290000000014,
                                            "count": 146,
                                            "is_parallel": true,
                                            "self": 9.4213542,
                                            "children": {
                                                "steps_from_proto": {
                                                    "total": 0.05501949999999933,
                                                    "count": 4,