{
    "name": "root",
    "metadata": {
        "timer_format_version": "0.1.0",
        "start_time_seconds": "1613476929",
        "python_version": "3.8.5 (tags/v3.8.5:580fbb0, Jul 20 2020, 15:57:54) [MSC v.1924 64 bit (AMD64)]",
        "command_line_arguments": "C:\\Users\\Emanu\\AppData\\Local\\Programs\\Python\\Python38\\Scripts\\mlagents-learn Config.yaml --env=../../../../Ultra-Bomberman-Builds/ML-Train/Ultra Bomberman.exe --run-id=Bomberman --width 1280 --height 720 --resume",
        "mlagents_version": "0.23.0",
        "mlagents_envs_version": "0.23.0",
        "communication_protocol_version": "1.3.0",
        "pytorch_version": "1.7.0+cu110",
        "numpy_version": "1.19.0",
        "end_time_seconds": "1613477036"
    },
    "total": 106.68380479999999,
    "count": 1,
    "self": 4.091220800000002,
    "children": {
        "run_training.setup": {
            "total": 0.006491299999999978,
            "count": 1,
            "self": 0.006491299999999978
        },
        "TrainerController.start_learning": {
            "total": 102.5860927,
            "count": 1,
            "self": 0.04712359999986404,
            "children": {
                "TrainerController._reset_env": {
                    "total": 11.328861299999998,
                    "count": 2,
                    "self": 5.821321699999999,
                    "children": {
                        "demo_to_buffer": {
                            "total": 5.507539599999999,
                            "count": 1,
                            "self": 0.010924700000000342,
                            "children": {
                                "load_demonstration": {
                                    "total": 0.4692816999999998,
                                    "count": 1,
                                    "self": 0.46645699999999923,
                                    "children": {
                                        "read_file": {
                                            "total": 0.0028247000000005684,
                                            "count": 1,
                                            "self": 0.0028247000000005684
                                        }
                                    }
                                },
                                "make_demo_buffer": {
                                    "total": 5.027333199999999,
                                    "count": 1,
                                    "self": 0.4694728999999347,
                                    "children": {
                                        "steps_from_proto": {
                                            "total": 4.557860300000065,
                                            "count": 7308,
                                            "self": 0.9491404999999951,
                                            "children": {
                                                "_process_visual_observation": {
                                                    "total": 3.2129322000000515,
                                                    "count": 14616,
                                                    "self": 0.1616926000001282,
                                                    "children": {
                                                        "observation_to_np_array": {
                                                            "total": 3.0512395999999233,
                                                            "count": 7308,
                                                            "self": 0.12211819999991569,
                                                            "children": {
                                                                "process_pixels": {
                                                                    "total": 2.9291214000000076,
                                                                    "count": 7308,
                                                                    "self": 1.6019093000000204,
                                                                    "children": {
                                                                        "image_decompress": {
                                                                            "total": 1.3272120999999872,
                                                                            "count": 7308,
                                                                            "self": 1.3272120999999872
                                                                        }
                                                                    }
                                                                }
                                                            }
                                                        }
                                                    }
                                                },
                                                "_process_vector_observation": {
                                                    "total": 0.395787600000018,
                                                    "count": 14616,
                                                    "self": 0.395787600000018
                                                }
                                            }
                                        }
                                    }
                                }
                            }
                        }
                    }
                },
                "TrainerController.advance": {
                    "total": 90.76264020000013,
                    "count": 1761,
                    "self": 0.03975240000001179,
                    "children": {
                        "env_step": {
                            "total": 87.37676849999997,
                            "count": 1761,
                            "self": 72.31836009999964,
                            "children": {
                                "SubprocessEnvManager._take_step": {
                                    "total": 15.022127999999977,
                                    "count": 1761,
                                    "self": 0.22489839999989947,
                                    "children": {
                                        "TorchPolicy.evaluate": {
                                            "total": 14.797229600000078,
                                            "count": 3522,
                                            "self": 3.2520117000006348,
                                            "children": {
                                                "TorchPolicy.sample_actions": {
                                                    "total": 11.545217899999443,
                                                    "count": 3522,
                                                    "self": 11.545217899999443
                                                }
                                            }
                                        }
                                    }
                                },
                                "workers": {
                                    "total": 0.036280400000348934,
                                    "count": 1760,
                                    "self": 0.0,
                                    "children": {
                                        "worker_root": {
                                            "total": 97.70494139999971,
                                            "count": 1760,
                                            "is_parallel": true,
                                            "self": 29.75340159999982,
                                            "children": {
                                                "steps_from_proto": {
                                                    "total": 0.06975230000000021,